region,Year,0
Afghanistan,2008,1
Afghanistan,2012,1
Algeria,1984,2
Algeria,1992,2
Algeria,1996,3
Algeria,2000,5
Algeria,2008,2
Algeria,2012,1
Algeria,2016,2
Argentina,1924,10
Argentina,1928,26
Argentina,1932,4
Argentina,1936,11
Argentina,1948,11
Argentina,1952,6
Argentina,1956,2
Argentina,1960,4
Argentina,1964,1
Argentina,1968,2
Argentina,1972,1
Argentina,1988,13
Argentina,1992,2
Argentina,1996,20
Argentina,2000,20
Argentina,2004,49
Argentina,2008,51
Argentina,2012,19
Argentina,2016,22
Armenia,1996,2
Armenia,2000,1
Armenia,2008,6
Armenia,2012,3
Armenia,2016,4
Australia,1896,3
Australia,1900,6
Australia,1904,4
Australia,1906,3
Australia,1908,19
Australia,1912,10
Australia,1920,7
Australia,1924,11
Australia,1928,4
Australia,1932,5
Australia,1936,1
Australia,1948,16
Australia,1952,20
Australia,1956,67
Australia,1960,46
Australia,1964,44
Australia,1968,51
Australia,1972,20
Australia,1976,23
Australia,1980,13
Australia,1984,52
Australia,1988,35
Australia,1992,57
Australia,1994,4
Australia,1996,132
Australia,1998,1
Australia,2000,183
Australia,2002,2
Australia,2004,157
Australia,2006,2
Australia,2008,149
Australia,2010,3
Australia,2012,114
Australia,2014,3
Australia,2016,82
Austria,1896,5
Austria,1900,6
Austria,1904,4
Austria,1906,9
Austria,1908,1
Austria,1912,14
Austria,1924,8
Austria,1928,11
Austria,1932,7
Austria,1936,60
Austria,1948,16
Austria,1952,11
Austria,1956,16
Austria,1960,9
Austria,1964,17
Austria,1968,20
Austria,1972,8
Austria,1976,8
Austria,1980,13
Austria,1984,4
Austria,1988,13
Austria,1992,35
Austria,1994,12
Austria,1996,3
Austria,1998,20
Austria,2000,4
Austria,2002,20
Austria,2004,8
Austria,2006,30
Austria,2008,3
Austria,2010,26
Austria,2014,27
Austria,2016,2
Azerbaijan,1996,1
Azerbaijan,2000,3
Azerbaijan,2004,5
Azerbaijan,2008,7
Azerbaijan,2012,10
Azerbaijan,2016,18
Bahamas,1956,2
Bahamas,1964,2
Bahamas,1992,1
Bahamas,1996,5
Bahamas,2000,11
Bahamas,2004,2
Bahamas,2008,7
Bahamas,2012,4
Bahamas,2016,6
Bahrain,2012,1
Bahrain,2016,2
Barbados,2000,1
Belarus,1994,2
Belarus,1996,23
Belarus,1998,2
Belarus,2000,22
Belarus,2002,1
Belarus,2004,15
Belarus,2006,1
Belarus,2008,29
Belarus,2010,3
Belarus,2012,23
Belarus,2014,6
Belarus,2016,12
Belgium,1900,43
Belgium,1906,11
Belgium,1908,33
Belgium,1912,19
Belgium,1920,188
Belgium,1924,44
Belgium,1928,6
Belgium,1932,1
Belgium,1936,14
Belgium,1948,21
Belgium,1952,8
Belgium,1956,2
Belgium,1960,4
Belgium,1964,3
Belgium,1968,3
Belgium,1972,2
Belgium,1976,9
Belgium,1980,1
Belgium,1984,5
Belgium,1988,2
Belgium,1992,3
Belgium,1996,6
Belgium,1998,1
Belgium,2000,7
Belgium,2004,3
Belgium,2008,5
Belgium,2012,3
Belgium,2016,21
Bermuda,1976,1
Botswana,2012,1
Brazil,1920,7
Brazil,1948,10
Brazil,1952,3
Brazil,1956,1
Brazil,1960,13
Brazil,1964,12
Brazil,1968,4
Brazil,1972,2
Brazil,1976,3
Brazil,1980,9
Brazil,1984,36
Brazil,1988,23
Brazil,1992,14
Brazil,1996,63
Brazil,2000,48
Brazil,2004,40
Brazil,2008,78
Brazil,2012,59
Brazil,2016,50
Bulgaria,1952,1
Bulgaria,1956,18
Bulgaria,1960,7
Bulgaria,1964,10
Bulgaria,1968,26
Bulgaria,1972,22
Bulgaria,1976,39
Bulgaria,1980,91
Bulgaria,1988,41
Bulgaria,1992,17
Bulgaria,1996,21
Bulgaria,1998,1
Bulgaria,2000,13
Bulgaria,2002,3
Bulgaria,2004,17
Bulgaria,2006,1
Bulgaria,2008,5
Bulgaria,2012,2
Bulgaria,2016,7
Burundi,1996,1
Burundi,2016,1
Cameroon,1968,1
Cameroon,1984,1
Cameroon,2000,18
Cameroon,2004,1
Cameroon,2008,1
Canada,1900,2
Canada,1904,48
Canada,1906,2
Canada,1908,52
Canada,1912,8
Canada,1920,16
Canada,1924,29
Canada,1928,45
Canada,1932,59
Canada,1936,35
Canada,1948,22
Canada,1952,21
Canada,1956,39
Canada,1960,30
Canada,1964,12
Canada,1968,30
Canada,1972,12
Canada,1976,26
Canada,1980,2
Canada,1984,91
Canada,1988,29
Canada,1992,80
Canada,1994,37
Canada,1996,50
Canada,1998,49
Canada,2000,31
Canada,2002,74
Canada,2004,17
Canada,2006,69
Canada,2008,35
Canada,2010,90
Canada,2012,55
Canada,2014,86
Canada,2016,69
Chile,1928,1
Chile,1952,4
Chile,1956,4
Chile,1988,1
Chile,2000,17
Chile,2004,4
Chile,2008,1
China,1984,74
China,1988,52
China,1992,85
China,1994,3
China,1996,107
China,1998,14
China,2000,79
China,2002,16
China,2004,96
China,2006,13
China,2008,184
China,2010,19
China,2012,126
China,2014,12
China,2016,113
Colombia,1900,1
Colombia,1972,3
Colombia,1984,1
Colombia,1988,1
Colombia,1992,1
Colombia,2000,1
Colombia,2004,2
Colombia,2008,2
Colombia,2012,8
Colombia,2016,8
Costa Rica,1988,1
Costa Rica,1996,1
Costa Rica,2000,2
Croatia,1992,15
Croatia,1996,28
Croatia,2000,10
Croatia,2002,4
Croatia,2004,21
Croatia,2006,3
Croatia,2008,5
Croatia,2010,3
Croatia,2012,35
Croatia,2014,1
Croatia,2016,24
Cuba,1900,2
Cuba,1904,5
Cuba,1948,2
Cuba,1964,1
Cuba,1968,10
Cuba,1972,22
Cuba,1976,24
Cuba,1980,20
Cuba,1992,69
Cuba,1996,55
Cuba,2000,65
Cuba,2004,62
Cuba,2008,47
Cuba,2012,14
Cuba,2016,11
Curacao,1988,1
Cyprus,2012,1
Czech Republic,1900,3
Czech Republic,1906,3
Czech Republic,1908,6
Czech Republic,1920,10
Czech Republic,1924,10
Czech Republic,1928,17
Czech Republic,1932,6
Czech Republic,1936,18
Czech Republic,1948,37
Czech Republic,1952,25
Czech Republic,1956,7
Czech Republic,1960,23
Czech Republic,1964,71
Czech Republic,1968,50
Czech Republic,1972,49
Czech Republic,1976,34
Czech Republic,1980,52
Czech Republic,1984,28
Czech Republic,1988,16
Czech Republic,1992,35
Czech Republic,1996,13
Czech Republic,1998,23
Czech Republic,2000,9
Czech Republic,2002,3
Czech Republic,2004,13
Czech Republic,2006,27
Czech Republic,2008,7
Czech Republic,2010,9
Czech Republic,2012,14
Czech Republic,2014,11
Czech Republic,2016,15
Denmark,1896,6
Denmark,1900,9
Denmark,1906,34
Denmark,1908,17
Denmark,1912,87
Denmark,1920,71
Denmark,1924,14
Denmark,1928,15
Denmark,1932,11
Denmark,1936,6
Denmark,1948,51
Denmark,1952,9
Denmark,1956,6
Denmark,1960,23
Denmark,1964,12
Denmark,1968,17
Denmark,1972,1
Denmark,1976,8
Denmark,1980,8
Denmark,1984,13
Denmark,1988,7
Denmark,1992,14
Denmark,1996,23
Denmark,1998,5
Denmark,2000,25
Denmark,2004,29
Denmark,2008,19
Denmark,2012,16
Denmark,2016,41
Djibouti,1988,1
Dominican Republic,1984,1
Dominican Republic,2004,1
Dominican Republic,2008,2
Dominican Republic,2012,2
Dominican Republic,2016,1
Ecuador,1996,1
Ecuador,2008,1
Egypt,1928,4
Egypt,1936,5
Egypt,1948,5
Egypt,1952,1
Egypt,1984,1
Egypt,2004,5
Egypt,2008,1
Egypt,2012,2
Egypt,2016,3
Eritrea,2004,1
Estonia,1920,3
Estonia,1924,6
Estonia,1928,9
Estonia,1936,7
Estonia,1992,3
Estonia,2000,3
Estonia,2002,3
Estonia,2004,3
Estonia,2006,3
Estonia,2008,3
Estonia,2010,1
Estonia,2012,2
Estonia,2016,4
Ethiopia,1960,1
Ethiopia,1964,1
Ethiopia,1968,2
Ethiopia,1972,2
Ethiopia,1980,4
Ethiopia,1992,3
Ethiopia,1996,3
Ethiopia,2000,8
Ethiopia,2004,7
Ethiopia,2008,7
Ethiopia,2012,7
Ethiopia,2016,8
Fiji,2016,13
Finland,1906,4
Finland,1908,30
Finland,1912,71
Finland,1920,52
Finland,1924,67
Finland,1928,29
Finland,1932,32
Finland,1936,36
Finland,1948,42
Finland,1952,52
Finland,1956,38
Finland,1960,19
Finland,1964,20
Finland,1968,12
Finland,1972,20
Finland,1976,22
Finland,1980,21
Finland,1984,31
Finland,1988,38
Finland,1992,20
Finland,1994,30
Finland,1996,4
Finland,1998,58
Finland,2000,5
Finland,2002,13
Finland,2004,2
Finland,2006,41
Finland,2008,5
Finland,2010,47
Finland,2012,5
Finland,2014,33
Finland,2016,1
France,1896,11
France,1900,235
France,1904,2
France,1906,64
France,1908,40
France,1912,26
France,1920,141
France,1924,120
France,1928,52
France,1932,42
France,1936,45
France,1948,77
France,1952,41
France,1956,33
France,1960,15
France,1964,38
France,1968,36
France,1972,25
France,1976,21
France,1980,30
France,1984,70
France,1988,31
France,1992,69
France,1994,11
France,1996,51
France,1998,15
France,2000,66
France,2002,15
France,2004,53
France,2006,15
France,2008,77
France,2010,14
France,2012,82
France,2014,18
France,2016,96
Gabon,2012,1
Georgia,1996,2
Georgia,2000,6
Georgia,2004,4
Georgia,2008,6
Georgia,2012,7
Georgia,2016,7
Germany,1896,32
Germany,1900,45
Germany,1904,16
Germany,1906,30
Germany,1908,21
Germany,1912,53
Germany,1928,82
Germany,1932,57
Germany,1936,231
Germany,1952,52
Germany,1956,54
Germany,1960,98
Germany,1964,126
Germany,1968,119
Germany,1972,283
Germany,1976,337
Germany,1980,311
Germany,1984,199
Germany,1988,342
Germany,1992,236
Germany,1994,40
Germany,1996,124
Germany,1998,44
Germany,2000,118
Germany,2002,61
Germany,2004,149
Germany,2006,54
Germany,2008,99
Germany,2010,54
Germany,2012,94
Germany,2014,36
Germany,2016,159
Ghana,1960,1
Ghana,1964,1
Ghana,1972,1
Ghana,1992,20
Greece,1896,48
Greece,1904,2
Greece,1906,102
Greece,1908,4
Greece,1912,2
Greece,1920,5
Greece,1924,1
Greece,1956,1
Greece,1960,3
Greece,1968,1
Greece,1972,2
Greece,1980,5
Greece,1984,2
Greece,1988,1
Greece,1992,2
Greece,1996,8
Greece,2000,18
Greece,2004,31
Greece,2008,7
Greece,2012,3
Greece,2016,7
Grenada,2012,1
Grenada,2016,1
Guatemala,2012,1
Guyana,1980,1
Haiti,1900,1
Haiti,1924,5
Haiti,1928,1
Hungary,1896,6
Hungary,1900,5
Hungary,1904,4
Hungary,1906,13
Hungary,1908,20
Hungary,1912,30
Hungary,1924,22
Hungary,1928,21
Hungary,1932,35
Hungary,1936,43
Hungary,1948,64
Hungary,1952,104
Hungary,1956,66
Hungary,1960,66
Hungary,1964,56
Hungary,1968,81
Hungary,1972,81
Hungary,1976,55
Hungary,1980,63
Hungary,1988,44
Hungary,1992,45
Hungary,1996,43
Hungary,2000,53
Hungary,2004,40
Hungary,2008,27
Hungary,2012,26
Hungary,2016,22
Iceland,1956,1
Iceland,1984,1
Iceland,2000,1
Iceland,2008,14
India,1900,2
India,1924,7
India,1928,14
India,1932,15
India,1936,19
India,1948,20
India,1952,15
India,1956,17
India,1960,13
India,1964,15
India,1968,16
India,1972,14
India,1980,16
India,1996,1
India,2000,1
India,2004,1
India,2008,3
India,2012,6
India,2016,2
Individual Olympic Athletes,1992,3
Individual Olympic Athletes,2016,2
Indonesia,1988,3
Indonesia,1992,6
Indonesia,1996,6
Indonesia,2000,8
Indonesia,2004,5
Indonesia,2008,7
Indonesia,2012,2
Indonesia,2016,4
Iran,1948,1
Iran,1952,7
Iran,1956,5
Iran,1960,4
Iran,1964,2
Iran,1968,5
Iran,1972,3
Iran,1976,2
Iran,1988,1
Iran,1992,3
Iran,1996,3
Iran,2000,4
Iran,2004,6
Iran,2008,2
Iran,2012,12
Iran,2016,8
Iraq,1960,1
Ireland,1924,2
Ireland,1928,1
Ireland,1932,2
Ireland,1948,1
Ireland,1952,1
Ireland,1956,5
Ireland,1964,1
Ireland,1980,3
Ireland,1984,1
Ireland,1992,2
Ireland,1996,4
Ireland,2000,1
Ireland,2008,3
Ireland,2012,5
Ireland,2016,3
Israel,1992,2
Israel,1996,1
Israel,2000,1
Israel,2004,2
Israel,2008,1
Israel,2016,2
Italy,1900,5
Italy,1906,56
Italy,1908,8
Italy,1912,25
Italy,1920,84
Italy,1924,51
Italy,1928,72
Italy,1932,77
Italy,1936,76
Italy,1948,68
Italy,1952,56
Italy,1956,55
Italy,1960,89
Italy,1964,61
Italy,1968,41
Italy,1972,34
Italy,1976,35
Italy,1980,40
Italy,1984,65
Italy,1988,37
Italy,1992,66
Italy,1994,32
Italy,1996,71
Italy,1998,17
Italy,2000,65
Italy,2002,21
Italy,2004,104
Italy,2006,25
Italy,2008,42
Italy,2010,5
Italy,2012,68
Italy,2014,14
Italy,2016,72
Ivory Coast,1984,1
Ivory Coast,2016,2
Jamaica,1948,3
Jamaica,1952,8
Jamaica,1968,1
Jamaica,1972,1
Jamaica,1976,2
Jamaica,1980,3
Jamaica,1984,7
Jamaica,1988,7
Jamaica,1992,4
Jamaica,1996,16
Jamaica,2000,23
Jamaica,2004,13
Jamaica,2008,14
Jamaica,2012,25
Jamaica,2016,30
Japan,1920,3
Japan,1924,1
Japan,1928,9
Japan,1932,31
Japan,1936,23
Japan,1952,12
Japan,1956,25
Japan,1960,31
Japan,1964,62
Japan,1968,63
Japan,1972,59
Japan,1976,41
Japan,1980,1
Japan,1984,50
Japan,1988,21
Japan,1992,59
Japan,1994,10
Japan,1996,42
Japan,1998,13
Japan,2000,44
Japan,2002,2
Japan,2004,93
Japan,2006,1
Japan,2008,51
Japan,2010,7
Japan,2012,84
Japan,2014,11
Japan,2016,64
Jordan,2016,1
Kazakhstan,1994,3
Kazakhstan,1996,11
Kazakhstan,1998,2
Kazakhstan,2000,7
Kazakhstan,2004,8
Kazakhstan,2008,13
Kazakhstan,2010,1
Kazakhstan,2012,13
Kazakhstan,2014,1
Kazakhstan,2016,18
Kenya,1964,1
Kenya,1968,12
Kenya,1972,12
Kenya,1984,3
Kenya,1988,9
Kenya,1992,8
Kenya,1996,8
Kenya,2000,7
Kenya,2004,7
Kenya,2008,15
Kenya,2012,11
Kenya,2016,13
Kosovo,2016,1
Kuwait,2000,1
Kuwait,2012,1
Kyrgyzstan,2000,1
Kyrgyzstan,2008,2
Latvia,1932,1
Latvia,1936,2
Latvia,1992,3
Latvia,1996,1
Latvia,2000,3
Latvia,2004,4
Latvia,2006,1
Latvia,2008,3
Latvia,2010,3
Latvia,2012,3
Latvia,2014,11
Lebanon,1952,2
Lebanon,1972,1
Lebanon,1980,1
Liechtenstein,1976,2
Liechtenstein,1980,4
Liechtenstein,1984,2
Liechtenstein,1988,1
Lithuania,1992,13
Lithuania,1996,11
Lithuania,2000,17
Lithuania,2004,3
Lithuania,2008,5
Lithuania,2012,5
Lithuania,2016,7
Luxembourg,1900,1
Luxembourg,1920,1
Luxembourg,1924,2
Luxembourg,1928,1
Luxembourg,1952,1
Luxembourg,1992,2
Macedonia,2000,1
Malaysia,1992,2
Malaysia,1996,3
Malaysia,2008,1
Malaysia,2012,2
Malaysia,2016,8
Mauritius,2008,1
Mexico,1900,3
Mexico,1932,2
Mexico,1936,16
Mexico,1948,9
Mexico,1952,1
Mexico,1956,2
Mexico,1960,1
Mexico,1964,1
Mexico,1968,9
Mexico,1972,1
Mexico,1976,2
Mexico,1980,10
Mexico,1984,6
Mexico,1988,2
Mexico,1992,1
Mexico,1996,1
Mexico,2000,6
Mexico,2004,4
Mexico,2008,4
Mexico,2012,24
Mexico,2016,5
Moldova,1996,3
Moldova,2000,2
Moldova,2008,1
Moldova,2012,2
Monaco,1924,1
Mongolia,1968,4
Mongolia,1972,1
Mongolia,1976,1
Mongolia,1980,4
Mongolia,1988,1
Mongolia,1992,2
Mongolia,1996,1
Mongolia,2004,1
Mongolia,2008,4
Mongolia,2012,5
Mongolia,2016,2
Montenegro,2012,14
Morocco,1960,1
Morocco,1984,2
Morocco,1988,3
Morocco,1992,3
Morocco,1996,2
Morocco,2000,5
Morocco,2004,3
Morocco,2008,2
Morocco,2012,1
Morocco,2016,1
Mozambique,1996,1
Mozambique,2000,1
Namibia,1992,2
Namibia,1996,2
Nepal,1924,1
Netherlands,1900,27
Netherlands,1906,6
Netherlands,1908,16
Netherlands,1912,26
Netherlands,1920,50
Netherlands,1924,27
Netherlands,1928,57
Netherlands,1932,13
Netherlands,1936,37
Netherlands,1948,42
Netherlands,1952,21
Netherlands,1960,5
Netherlands,1964,33
Netherlands,1968,23
Netherlands,1972,15
Netherlands,1976,20
Netherlands,1980,10
Netherlands,1984,41
Netherlands,1988,52
Netherlands,1992,37
Netherlands,1994,4
Netherlands,1996,73
Netherlands,1998,11
Netherlands,2000,79
Netherlands,2002,8
Netherlands,2004,77
Netherlands,2006,13
Netherlands,2008,61
Netherlands,2010,11
Netherlands,2012,69
Netherlands,2014,29
Netherlands,2016,47
New Zealand,1900,1
New Zealand,1920,1
New Zealand,1924,1
New Zealand,1928,1
New Zealand,1932,2
New Zealand,1936,1
New Zealand,1952,3
New Zealand,1956,3
New Zealand,1960,3
New Zealand,1964,6
New Zealand,1968,7
New Zealand,1972,14
New Zealand,1976,25
New Zealand,1984,23
New Zealand,1988,24
New Zealand,1992,16
New Zealand,1996,9
New Zealand,2000,4
New Zealand,2004,6
New Zealand,2008,15
New Zealand,2012,27
New Zealand,2016,36
Niger,1972,1
Niger,2016,1
Nigeria,1964,1
Nigeria,1972,1
Nigeria,1984,5
Nigeria,1992,11
Nigeria,1996,24
Nigeria,2000,8
Nigeria,2004,8
Nigeria,2008,23
Nigeria,2016,18
North Korea,1964,1
North Korea,1972,15
North Korea,1976,2
North Korea,1980,5
North Korea,1992,11
North Korea,1996,5
North Korea,2000,4
North Korea,2004,5
North Korea,2008,6
North Korea,2012,6
North Korea,2016,7
Norway,1900,9
Norway,1904,2
Norway,1906,25
Norway,1908,42
Norway,1912,80
Norway,1920,137
Norway,1924,39
Norway,1928,24
Norway,1932,10
Norway,1936,46
Norway,1948,31
Norway,1952,32
Norway,1956,7
Norway,1960,11
Norway,1964,15
Norway,1968,28
Norway,1972,25
Norway,1976,16
Norway,1980,15
Norway,1984,19
Norway,1988,33
Norway,1992,47
Norway,1994,30
Norway,1996,23
Norway,1998,40
Norway,2000,43
Norway,2002,41
Norway,2004,7
Norway,2006,23
Norway,2008,22
Norway,2010,39
Norway,2012,17
Norway,2014,36
Norway,2016,19
Pakistan,1956,14
Pakistan,1960,14
Pakistan,1964,16
Pakistan,1968,13
Pakistan,1972,15
Pakistan,1976,16
Pakistan,1984,16
Pakistan,1988,1
Pakistan,1992,16
Panama,1948,2
Panama,2008,1
Paraguay,2004,17
Peru,1948,1
Peru,1984,1
Peru,1988,12
Peru,1992,1
Philippines,1928,1
Philippines,1932,3
Philippines,1936,1
Philippines,1964,1
Philippines,1988,1
Philippines,1992,1
Philippines,1996,1
Philippines,2016,1
Poland,1924,5
Poland,1928,20
Poland,1932,21
Poland,1936,12
Poland,1948,2
Poland,1952,4
Poland,1956,20
Poland,1960,32
Poland,1964,46
Poland,1968,37
Poland,1972,47
Poland,1976,73
Poland,1980,50
Poland,1988,21
Poland,1992,46
Poland,1996,22
Poland,2000,24
Poland,2002,2
Poland,2004,12
Poland,2006,2
Poland,2008,20
Poland,2010,8
Poland,2012,12
Poland,2014,11
Poland,2016,16
Portugal,1924,4
Portugal,1928,6
Portugal,1936,3
Portugal,1948,5
Portugal,1952,2
Portugal,1960,2
Portugal,1976,2
Portugal,1984,3
Portugal,1988,1
Portugal,1996,3
Portugal,2000,2
Portugal,2004,3
Portugal,2008,2
Portugal,2012,2
Portugal,2016,1
Puerto Rico,1948,1
Puerto Rico,1976,1
Puerto Rico,1984,2
Puerto Rico,1992,1
Puerto Rico,1996,1
Puerto Rico,2012,2
Puerto Rico,2016,1
Qatar,1992,1
Qatar,2000,1
Qatar,2012,2
Qatar,2016,1
Romania,1924,16
Romania,1936,1
Romania,1952,4
Romania,1956,19
Romania,1960,15
Romania,1964,16
Romania,1968,25
Romania,1972,40
Romania,1976,55
Romania,1980,68
Romania,1984,106
Romania,1988,58
Romania,1992,53
Romania,1996,38
Romania,2000,46
Romania,2004,39
Romania,2008,22
Romania,2012,16
Romania,2016,16
Russia,1908,3
Russia,1912,14
Russia,1952,117
Russia,1956,206
Russia,1960,211
Russia,1964,221
Russia,1968,229
Russia,1972,259
Russia,1976,342
Russia,1980,496
Russia,1984,56
Russia,1988,366
Russia,1992,279
Russia,1994,36
Russia,1996,115
Russia,1998,52
Russia,2000,187
Russia,2002,38
Russia,2004,189
Russia,2006,41
Russia,2008,142
Russia,2010,25
Russia,2012,140
Russia,2014,68
Russia,2016,115
Saudi Arabia,2000,2
Saudi Arabia,2012,4
Senegal,1988,1
Serbia,1924,2
Serbia,1928,12
Serbia,1936,1
Serbia,1948,16
Serbia,1952,24
Serbia,1956,23
Serbia,1960,17
Serbia,1964,15
Serbia,1968,29
Serbia,1972,18
Serbia,1976,19
Serbia,1980,57
Serbia,1984,88
Serbia,1988,69
Serbia,1996,26
Serbia,2000,25
Serbia,2004,13
Serbia,2008,15
Serbia,2012,16
Serbia,2016,54
Slovakia,1996,3
Slovakia,2000,6
Slovakia,2004,10
Slovakia,2006,1
Slovakia,2008,10
Slovakia,2010,3
Slovakia,2012,5
Slovakia,2014,1
Slovakia,2016,8
Slovenia,1992,6
Slovenia,1994,3
Slovenia,1996,2
Slovenia,2000,3
Slovenia,2002,4
Slovenia,2004,5
Slovenia,2008,5
Slovenia,2010,3
Slovenia,2012,5
Slovenia,2014,8
Slovenia,2016,4
South Africa,1908,2
South Africa,1912,7
South Africa,1920,21
South Africa,1924,3
South Africa,1928,6
South Africa,1932,5
South Africa,1936,1
South Africa,1948,6
South Africa,1952,14
South Africa,1956,7
South Africa,1960,3
South Africa,1992,3
South Africa,1996,5
South Africa,2000,5
South Africa,2004,10
South Africa,2008,1
South Africa,2012,9
South Africa,2016,23
South Korea,1948,2
South Korea,1952,2
South Korea,1956,2
South Korea,1964,3
South Korea,1968,2
South Korea,1972,1
South Korea,1976,17
South Korea,1984,41
South Korea,1988,77
South Korea,1992,56
South Korea,1994,9
South Korea,1996,66
South Korea,1998,12
South Korea,2000,73
South Korea,2002,7
South Korea,2004,52
South Korea,2006,19
South Korea,2008,78
South Korea,2010,18
South Korea,2012,61
South Korea,2014,14
South Korea,2016,26
Spain,1900,2
Spain,1920,23
Spain,1928,3
Spain,1932,1
Spain,1948,3
Spain,1952,1
Spain,1960,14
Spain,1972,2
Spain,1976,6
Spain,1980,24
Spain,1984,19
Spain,1988,5
Spain,1992,70
Spain,1996,66
Spain,2000,42
Spain,2004,30
Spain,2008,70
Spain,2012,63
Spain,2016,45
Sri Lanka,1948,1
Sri Lanka,2000,1
Sudan,2008,1
Suriname,1988,1
Suriname,1992,1
Sweden,1900,4
Sweden,1906,21
Sweden,1908,84
Sweden,1912,190
Sweden,1920,154
Sweden,1924,81
Sweden,1928,53
Sweden,1932,35
Sweden,1936,45
Sweden,1948,88
Sweden,1952,93
Sweden,1956,49
Sweden,1960,16
Sweden,1964,43
Sweden,1968,25
Sweden,1972,26
Sweden,1976,12
Sweden,1980,43
Sweden,1984,64
Sweden,1988,46
Sweden,1992,42
Sweden,1994,24
Sweden,1996,31
Sweden,1998,7
Sweden,2000,32
Sweden,2002,26
Sweden,2004,12
Sweden,2006,64
Sweden,2008,7
Sweden,2010,18
Sweden,2012,22
Sweden,2014,51
Sweden,2016,28
Switzerland,1896,3
Switzerland,1900,21
Switzerland,1904,3
Switzerland,1906,12
Switzerland,1912,2
Switzerland,1920,29
Switzerland,1924,69
Switzerland,1928,42
Switzerland,1932,3
Switzerland,1936,62
Switzerland,1948,64
Switzerland,1952,39
Switzerland,1956,13
Switzerland,1960,14
Switzerland,1964,6
Switzerland,1968,22
Switzerland,1972,25
Switzerland,1976,19
Switzerland,1980,11
Switzerland,1984,21
Switzerland,1988,28
Switzerland,1992,8
Switzerland,1994,16
Switzerland,1996,11
Switzerland,1998,14
Switzerland,2000,14
Switzerland,2002,24
Switzerland,2004,7
Switzerland,2006,21
Switzerland,2008,11
Switzerland,2010,12
Switzerland,2012,4
Switzerland,2014,30
Switzerland,2016,11
Syria,1960,2
Syria,1984,1
Syria,1996,1
Syria,2004,1
Taiwan,1960,1
Taiwan,1968,1
Taiwan,1984,1
Taiwan,1992,20
Taiwan,1996,1
Taiwan,2000,5
Taiwan,2004,9
Taiwan,2008,4
Taiwan,2012,2
Taiwan,2016,5
Tajikistan,2008,2
Tajikistan,2012,1
Tajikistan,2016,1
Tanzania,1980,2
Thailand,1976,1
Thailand,1984,1
Thailand,1988,1
Thailand,1992,1
Thailand,1996,2
Thailand,2000,3
Thailand,2004,8
Thailand,2008,4
Thailand,2012,3
Thailand,2016,6
Togo,2008,1
Tonga,1996,1
Trinidad,1948,1
Trinidad,1952,2
Trinidad,1960,5
Trinidad,1964,6
Trinidad,1976,1
Trinidad,1996,2
Trinidad,2000,2
Trinidad,2004,1
Trinidad,2008,6
Trinidad,2012,10
Trinidad,2016,1
Tunisia,1964,2
Tunisia,1968,2
Tunisia,1972,1
Tunisia,1996,1
Tunisia,2008,1
Tunisia,2012,3
Tunisia,2016,3
Turkey,1936,2
Turkey,1948,12
Turkey,1952,3
Turkey,1956,7
Turkey,1960,9
Turkey,1964,6
Turkey,1968,2
Turkey,1972,1
Turkey,1984,3
Turkey,1988,2
Turkey,1992,6
Turkey,1996,6
Turkey,2000,5
Turkey,2004,11
Turkey,2008,7
Turkey,2012,5
Turkey,2016,8
UK,1896,9
UK,1900,108
UK,1904,2
UK,1906,39
UK,1908,368
UK,1912,170
UK,1920,111
UK,1924,95
UK,1928,59
UK,1932,35
UK,1936,53
UK,1948,63
UK,1952,32
UK,1956,46
UK,1960,28
UK,1964,30
UK,1968,19
UK,1972,29
UK,1976,33
UK,1980,48
UK,1984,73
UK,1988,54
UK,1992,50
UK,1994,3
UK,1996,26
UK,1998,4
UK,2000,54
UK,2002,6
UK,2004,57
UK,2006,1
UK,2008,81
UK,2010,1
UK,2012,126
UK,2014,10
UK,2016,145
USA,1896,20
USA,1900,63
USA,1904,394
USA,1906,24
USA,1908,65
USA,1912,107
USA,1920,194
USA,1924,194
USA,1928,102
USA,1932,223
USA,1936,112
USA,1948,168
USA,1952,164
USA,1956,149
USA,1960,152
USA,1964,177
USA,1968,173
USA,1972,195
USA,1976,175
USA,1980,30
USA,1984,361
USA,1988,214
USA,1992,238
USA,1994,19
USA,1996,259
USA,1998,34
USA,2000,242
USA,2002,84
USA,2004,263
USA,2006,52
USA,2008,317
USA,2010,97
USA,2012,248
USA,2014,64
USA,2016,264
Uganda,1968,2
Uganda,1972,2
Uganda,1980,1
Uganda,1996,1
Uganda,2012,1
Ukraine,1994,2
Ukraine,1996,34
Ukraine,1998,1
Ukraine,2000,35
Ukraine,2004,47
Ukraine,2006,3
Ukraine,2008,31
Ukraine,2012,26
Ukraine,2014,5
Ukraine,2016,15
United Arab Emirates,2004,1
United Arab Emirates,2016,1
Uruguay,1924,14
Uruguay,1928,17
Uruguay,1932,1
Uruguay,1948,3
Uruguay,1952,14
Uruguay,1956,12
Uruguay,1964,1
Uruguay,2000,1
Uzbekistan,1994,1
Uzbekistan,1996,2
Uzbekistan,2000,4
Uzbekistan,2004,5
Uzbekistan,2008,6
Uzbekistan,2012,3
Uzbekistan,2016,13
Venezuela,1952,1
Venezuela,1960,1
Venezuela,1968,1
Venezuela,1976,1
Venezuela,1980,1
Venezuela,1984,3
Venezuela,2004,2
Venezuela,2008,1
Venezuela,2012,1
Venezuela,2016,3
Vietnam,2000,1
Vietnam,2008,1
Vietnam,2016,2
"Virgin Islands, US",1988,1
Zambia,1984,1
Zambia,1996,1
Zimbabwe,1980,15
Zimbabwe,2004,3
Zimbabwe,2008,4
