NOC,Year,0
AFG,2008,1
AFG,2012,1
AHO,1988,1
ALG,1984,2
ALG,1992,2
ALG,1996,3
ALG,2000,5
ALG,2008,2
ALG,2012,1
ALG,2016,2
ANZ,1908,19
ANZ,1912,10
ARG,1924,10
ARG,1928,26
ARG,1932,4
ARG,1936,11
ARG,1948,11
ARG,1952,6
ARG,1956,2
ARG,1960,4
ARG,1964,1
ARG,1968,2
ARG,1972,1
ARG,1988,13
ARG,1992,2
ARG,1996,20
ARG,2000,20
ARG,2004,49
ARG,2008,51
ARG,2012,19
ARG,2016,22
ARM,1996,2
ARM,2000,1
ARM,2008,6
ARM,2012,3
ARM,2016,4
AUS,1896,3
AUS,1900,6
AUS,1904,4
AUS,1906,3
AUS,1920,7
AUS,1924,11
AUS,1928,4
AUS,1932,5
AUS,1936,1
AUS,1948,16
AUS,1952,20
AUS,1956,67
AUS,1960,46
AUS,1964,44
AUS,1968,51
AUS,1972,20
AUS,1976,23
AUS,1980,13
AUS,1984,52
AUS,1988,35
AUS,1992,57
AUS,1994,4
AUS,1996,132
AUS,1998,1
AUS,2000,183
AUS,2002,2
AUS,2004,157
AUS,2006,2
AUS,2008,149
AUS,2010,3
AUS,2012,114
AUS,2014,3
AUS,2016,82
AUT,1896,5
AUT,1900,6
AUT,1904,4
AUT,1906,9
AUT,1908,1
AUT,1912,14
AUT,1924,8
AUT,1928,11
AUT,1932,7
AUT,1936,60
AUT,1948,16
AUT,1952,11
AUT,1956,16
AUT,1960,9
AUT,1964,17
AUT,1968,20
AUT,1972,8
AUT,1976,8
AUT,1980,13
AUT,1984,4
AUT,1988,13
AUT,1992,35
AUT,1994,12
AUT,1996,3
AUT,1998,20
AUT,2000,4
AUT,2002,20
AUT,2004,8
AUT,2006,30
AUT,2008,3
AUT,2010,26
AUT,2014,27
AUT,2016,2
AZE,1996,1
AZE,2000,3
AZE,2004,5
AZE,2008,7
AZE,2012,10
AZE,2016,18
BAH,1956,2
BAH,1964,2
BAH,1992,1
BAH,1996,5
BAH,2000,11
BAH,2004,2
BAH,2008,7
BAH,2012,4
BAH,2016,6
BAR,2000,1
BDI,1996,1
BDI,2016,1
BEL,1900,43
BEL,1906,11
BEL,1908,33
BEL,1912,19
BEL,1920,188
BEL,1924,44
BEL,1928,6
BEL,1932,1
BEL,1936,14
BEL,1948,21
BEL,1952,8
BEL,1956,2
BEL,1960,4
BEL,1964,3
BEL,1968,3
BEL,1972,2
BEL,1976,9
BEL,1980,1
BEL,1984,5
BEL,1988,2
BEL,1992,3
BEL,1996,6
BEL,1998,1
BEL,2000,7
BEL,2004,3
BEL,2008,5
BEL,2012,3
BEL,2016,21
BER,1976,1
BLR,1994,2
BLR,1996,23
BLR,1998,2
BLR,2000,22
BLR,2002,1
BLR,2004,15
BLR,2006,1
BLR,2008,29
BLR,2010,3
BLR,2012,23
BLR,2014,6
BLR,2016,12
BOH,1900,3
BOH,1906,3
BOH,1908,6
BOT,2012,1
BRA,1920,7
BRA,1948,10
BRA,1952,3
BRA,1956,1
BRA,1960,13
BRA,1964,12
BRA,1968,4
BRA,1972,2
BRA,1976,3
BRA,1980,9
BRA,1984,36
BRA,1988,23
BRA,1992,14
BRA,1996,63
BRA,2000,48
BRA,2004,40
BRA,2008,78
BRA,2012,59
BRA,2016,50
BRN,2012,1
BRN,2016,2
BUL,1952,1
BUL,1956,18
BUL,1960,7
BUL,1964,10
BUL,1968,26
BUL,1972,22
BUL,1976,39
BUL,1980,91
BUL,1988,41
BUL,1992,17
BUL,1996,21
BUL,1998,1
BUL,2000,13
BUL,2002,3
BUL,2004,17
BUL,2006,1
BUL,2008,5
BUL,2012,2
BUL,2016,7
CAN,1900,2
CAN,1904,48
CAN,1906,2
CAN,1908,52
CAN,1912,8
CAN,1920,16
CAN,1924,29
CAN,1928,45
CAN,1932,59
CAN,1936,35
CAN,1948,22
CAN,1952,21
CAN,1956,39
CAN,1960,30
CAN,1964,12
CAN,1968,30
CAN,1972,12
CAN,1976,26
CAN,1980,2
CAN,1984,91
CAN,1988,29
CAN,1992,80
CAN,1994,37
CAN,1996,50
CAN,1998,49
CAN,2000,31
CAN,2002,74
CAN,2004,17
CAN,2006,69
CAN,2008,35
CAN,2010,90
CAN,2012,55
CAN,2014,86
CAN,2016,69
CHI,1928,1
CHI,1952,4
CHI,1956,4
CHI,1988,1
CHI,2000,17
CHI,2004,4
CHI,2008,1
CHN,1984,74
CHN,1988,52
CHN,1992,85
CHN,1994,3
CHN,1996,106
CHN,1998,14
CHN,2000,79
CHN,2002,16
CHN,2004,94
CHN,2006,13
CHN,2008,184
CHN,2010,19
CHN,2012,125
CHN,2014,12
CHN,2016,113
CIV,1984,1
CIV,2016,2
CMR,1968,1
CMR,1984,1
CMR,2000,18
CMR,2004,1
CMR,2008,1
COL,1900,1
COL,1972,3
COL,1984,1
COL,1988,1
COL,1992,1
COL,2000,1
COL,2004,2
COL,2008,2
COL,2012,8
COL,2016,8
CRC,1988,1
CRC,1996,1
CRC,2000,2
CRO,1992,15
CRO,1996,28
CRO,2000,10
CRO,2002,4
CRO,2004,21
CRO,2006,3
CRO,2008,5
CRO,2010,3
CRO,2012,35
CRO,2014,1
CRO,2016,24
CUB,1900,2
CUB,1904,5
CUB,1948,2
CUB,1964,1
CUB,1968,10
CUB,1972,22
CUB,1976,24
CUB,1980,20
CUB,1992,69
CUB,1996,55
CUB,2000,65
CUB,2004,62
CUB,2008,47
CUB,2012,14
CUB,2016,11
CYP,2012,1
CZE,1996,13
CZE,1998,23
CZE,2000,9
CZE,2002,3
CZE,2004,13
CZE,2006,27
CZE,2008,7
CZE,2010,9
CZE,2012,14
CZE,2014,11
CZE,2016,15
DEN,1896,6
DEN,1900,9
DEN,1906,34
DEN,1908,17
DEN,1912,87
DEN,1920,71
DEN,1924,14
DEN,1928,15
DEN,1932,11
DEN,1936,6
DEN,1948,51
DEN,1952,9
DEN,1956,6
DEN,1960,23
DEN,1964,12
DEN,1968,17
DEN,1972,1
DEN,1976,8
DEN,1980,8
DEN,1984,13
DEN,1988,7
DEN,1992,14
DEN,1996,23
DEN,1998,5
DEN,2000,25
DEN,2004,29
DEN,2008,19
DEN,2012,16
DEN,2016,41
DJI,1988,1
DOM,1984,1
DOM,2004,1
DOM,2008,2
DOM,2012,2
DOM,2016,1
ECU,1996,1
ECU,2008,1
EGY,1928,4
EGY,1936,5
EGY,1948,5
EGY,1952,1
EGY,1984,1
EGY,2004,5
EGY,2008,1
EGY,2012,2
EGY,2016,3
ERI,2004,1
ESP,1900,2
ESP,1920,23
ESP,1928,3
ESP,1932,1
ESP,1948,3
ESP,1952,1
ESP,1960,14
ESP,1972,2
ESP,1976,6
ESP,1980,24
ESP,1984,19
ESP,1988,5
ESP,1992,70
ESP,1996,66
ESP,2000,42
ESP,2004,30
ESP,2008,70
ESP,2012,63
ESP,2016,45
EST,1920,3
EST,1924,6
EST,1928,9
EST,1936,7
EST,1992,3
EST,2000,3
EST,2002,3
EST,2004,3
EST,2006,3
EST,2008,3
EST,2010,1
EST,2012,2
EST,2016,4
ETH,1960,1
ETH,1964,1
ETH,1968,2
ETH,1972,2
ETH,1980,4
ETH,1992,3
ETH,1996,3
ETH,2000,8
ETH,2004,7
ETH,2008,7
ETH,2012,7
ETH,2016,8
EUN,1992,279
FIJ,2016,13
FIN,1906,4
FIN,1908,30
FIN,1912,71
FIN,1920,52
FIN,1924,67
FIN,1928,29
FIN,1932,32
FIN,1936,36
FIN,1948,42
FIN,1952,52
FIN,1956,38
FIN,1960,19
FIN,1964,20
FIN,1968,12
FIN,1972,20
FIN,1976,22
FIN,1980,21
FIN,1984,31
FIN,1988,38
FIN,1992,20
FIN,1994,30
FIN,1996,4
FIN,1998,58
FIN,2000,5
FIN,2002,13
FIN,2004,2
FIN,2006,41
FIN,2008,5
FIN,2010,47
FIN,2012,5
FIN,2014,33
FIN,2016,1
FRA,1896,11
FRA,1900,235
FRA,1904,2
FRA,1906,64
FRA,1908,40
FRA,1912,26
FRA,1920,141
FRA,1924,120
FRA,1928,52
FRA,1932,42
FRA,1936,45
FRA,1948,77
FRA,1952,41
FRA,1956,33
FRA,1960,15
FRA,1964,38
FRA,1968,36
FRA,1972,25
FRA,1976,21
FRA,1980,30
FRA,1984,70
FRA,1988,31
FRA,1992,69
FRA,1994,11
FRA,1996,51
FRA,1998,15
FRA,2000,66
FRA,2002,15
FRA,2004,53
FRA,2006,15
FRA,2008,77
FRA,2010,14
FRA,2012,82
FRA,2014,18
FRA,2016,96
FRG,1968,61
FRG,1972,112
FRG,1976,110
FRG,1980,8
FRG,1984,166
FRG,1988,129
GAB,2012,1
GBR,1896,9
GBR,1900,108
GBR,1904,2
GBR,1906,39
GBR,1908,368
GBR,1912,170
GBR,1920,111
GBR,1924,95
GBR,1928,59
GBR,1932,35
GBR,1936,53
GBR,1948,63
GBR,1952,32
GBR,1956,46
GBR,1960,28
GBR,1964,30
GBR,1968,19
GBR,1972,29
GBR,1976,33
GBR,1980,48
GBR,1984,73
GBR,1988,54
GBR,1992,50
GBR,1994,3
GBR,1996,26
GBR,1998,4
GBR,2000,54
GBR,2002,6
GBR,2004,57
GBR,2006,1
GBR,2008,81
GBR,2010,1
GBR,2012,126
GBR,2014,10
GBR,2016,145
GDR,1968,58
GDR,1972,171
GDR,1976,227
GDR,1980,303
GDR,1984,33
GDR,1988,213
GEO,1996,2
GEO,2000,6
GEO,2004,4
GEO,2008,6
GEO,2012,7
GEO,2016,7
GER,1896,32
GER,1900,45
GER,1904,16
GER,1906,30
GER,1908,21
GER,1912,53
GER,1928,82
GER,1932,57
GER,1936,231
GER,1952,52
GER,1956,54
GER,1960,98
GER,1964,126
GER,1992,236
GER,1994,40
GER,1996,124
GER,1998,44
GER,2000,118
GER,2002,61
GER,2004,149
GER,2006,54
GER,2008,99
GER,2010,54
GER,2012,94
GER,2014,36
GER,2016,159
GHA,1960,1
GHA,1964,1
GHA,1972,1
GHA,1992,20
GRE,1896,48
GRE,1904,2
GRE,1906,102
GRE,1908,4
GRE,1912,2
GRE,1920,5
GRE,1924,1
GRE,1956,1
GRE,1960,3
GRE,1968,1
GRE,1972,2
GRE,1980,5
GRE,1984,2
GRE,1988,1
GRE,1992,2
GRE,1996,8
GRE,2000,18
GRE,2004,31
GRE,2008,7
GRE,2012,3
GRE,2016,7
GRN,2012,1
GRN,2016,1
GUA,2012,1
GUY,1980,1
HAI,1900,1
HAI,1924,5
HAI,1928,1
HKG,1996,1
HKG,2004,2
HKG,2012,1
HUN,1896,6
HUN,1900,5
HUN,1904,4
HUN,1906,13
HUN,1908,20
HUN,1912,30
HUN,1924,22
HUN,1928,21
HUN,1932,35
HUN,1936,43
HUN,1948,64
HUN,1952,104
HUN,1956,66
HUN,1960,66
HUN,1964,56
HUN,1968,81
HUN,1972,81
HUN,1976,55
HUN,1980,63
HUN,1988,44
HUN,1992,45
HUN,1996,43
HUN,2000,53
HUN,2004,40
HUN,2008,27
HUN,2012,26
HUN,2016,22
INA,1988,3
INA,1992,6
INA,1996,6
INA,2000,8
INA,2004,5
INA,2008,7
INA,2012,2
INA,2016,4
IND,1900,2
IND,1924,7
IND,1928,14
IND,1932,15
IND,1936,19
IND,1948,20
IND,1952,15
IND,1956,17
IND,1960,13
IND,1964,15
IND,1968,16
IND,1972,14
IND,1980,16
IND,1996,1
IND,2000,1
IND,2004,1
IND,2008,3
IND,2012,6
IND,2016,2
IOA,1992,3
IOA,2016,2
IRI,1948,1
IRI,1952,7
IRI,1956,5
IRI,1960,4
IRI,1964,2
IRI,1968,5
IRI,1972,3
IRI,1976,2
IRI,1988,1
IRI,1992,3
IRI,1996,3
IRI,2000,4
IRI,2004,6
IRI,2008,2
IRI,2012,12
IRI,2016,8
IRL,1924,2
IRL,1928,1
IRL,1932,2
IRL,1948,1
IRL,1952,1
IRL,1956,5
IRL,1964,1
IRL,1980,3
IRL,1984,1
IRL,1992,2
IRL,1996,4
IRL,2000,1
IRL,2008,3
IRL,2012,5
IRL,2016,3
IRQ,1960,1
ISL,1956,1
ISL,1984,1
ISL,2000,1
ISL,2008,14
ISR,1992,2
ISR,1996,1
ISR,2000,1
ISR,2004,2
ISR,2008,1
ISR,2016,2
ISV,1988,1
ITA,1900,5
ITA,1906,56
ITA,1908,8
ITA,1912,25
ITA,1920,84
ITA,1924,51
ITA,1928,72
ITA,1932,77
ITA,1936,76
ITA,1948,68
ITA,1952,56
ITA,1956,55
ITA,1960,89
ITA,1964,61
ITA,1968,41
ITA,1972,34
ITA,1976,35
ITA,1980,40
ITA,1984,65
ITA,1988,37
ITA,1992,66
ITA,1994,32
ITA,1996,71
ITA,1998,17
ITA,2000,65
ITA,2002,21
ITA,2004,104
ITA,2006,25
ITA,2008,42
ITA,2010,5
ITA,2012,68
ITA,2014,14
ITA,2016,72
JAM,1948,3
JAM,1952,8
JAM,1968,1
JAM,1972,1
JAM,1976,2
JAM,1980,3
JAM,1984,7
JAM,1988,7
JAM,1992,4
JAM,1996,16
JAM,2000,23
JAM,2004,13
JAM,2008,14
JAM,2012,25
JAM,2016,30
JOR,2016,1
JPN,1920,3
JPN,1924,1
JPN,1928,9
JPN,1932,31
JPN,1936,23
JPN,1952,12
JPN,1956,25
JPN,1960,31
JPN,1964,62
JPN,1968,63
JPN,1972,59
JPN,1976,41
JPN,1980,1
JPN,1984,50
JPN,1988,21
JPN,1992,59
JPN,1994,10
JPN,1996,42
JPN,1998,13
JPN,2000,44
JPN,2002,2
JPN,2004,93
JPN,2006,1
JPN,2008,51
JPN,2010,7
JPN,2012,84
JPN,2014,11
JPN,2016,64
KAZ,1994,3
KAZ,1996,11
KAZ,1998,2
KAZ,2000,7
KAZ,2004,8
KAZ,2008,13
KAZ,2010,1
KAZ,2012,13
KAZ,2014,1
KAZ,2016,18
KEN,1964,1
KEN,1968,12
KEN,1972,12
KEN,1984,3
KEN,1988,9
KEN,1992,8
KEN,1996,8
KEN,2000,7
KEN,2004,7
KEN,2008,15
KEN,2012,11
KEN,2016,13
KGZ,2000,1
KGZ,2008,2
KOR,1948,2
KOR,1952,2
KOR,1956,2
KOR,1964,3
KOR,1968,2
KOR,1972,1
KOR,1976,17
KOR,1984,41
KOR,1988,77
KOR,1992,56
KOR,1994,9
KOR,1996,66
KOR,1998,12
KOR,2000,73
KOR,2002,7
KOR,2004,52
KOR,2006,19
KOR,2008,78
KOR,2010,18
KOR,2012,61
KOR,2014,14
KOR,2016,26
KOS,2016,1
KSA,2000,2
KSA,2012,4
KUW,2000,1
KUW,2012,1
LAT,1932,1
LAT,1936,2
LAT,1992,3
LAT,1996,1
LAT,2000,3
LAT,2004,4
LAT,2006,1
LAT,2008,3
LAT,2010,3
LAT,2012,3
LAT,2014,11
LIB,1952,2
LIB,1972,1
LIB,1980,1
LIE,1976,2
LIE,1980,4
LIE,1984,2
LIE,1988,1
LTU,1992,13
LTU,1996,11
LTU,2000,17
LTU,2004,3
LTU,2008,5
LTU,2012,5
LTU,2016,7
LUX,1900,1
LUX,1920,1
LUX,1924,2
LUX,1928,1
LUX,1952,1
LUX,1992,2
MAR,1960,1
MAR,1984,2
MAR,1988,3
MAR,1992,3
MAR,1996,2
MAR,2000,5
MAR,2004,3
MAR,2008,2
MAR,2012,1
MAR,2016,1
MAS,1992,2
MAS,1996,3
MAS,2008,1
MAS,2012,2
MAS,2016,8
MDA,1996,3
MDA,2000,2
MDA,2008,1
MDA,2012,2
MEX,1900,3
MEX,1932,2
MEX,1936,16
MEX,1948,9
MEX,1952,1
MEX,1956,2
MEX,1960,1
MEX,1964,1
MEX,1968,9
MEX,1972,1
MEX,1976,2
MEX,1980,10
MEX,1984,6
MEX,1988,2
MEX,1992,1
MEX,1996,1
MEX,2000,6
MEX,2004,4
MEX,2008,4
MEX,2012,24
MEX,2016,5
MGL,1968,4
MGL,1972,1
MGL,1976,1
MGL,1980,4
MGL,1988,1
MGL,1992,2
MGL,1996,1
MGL,2004,1
MGL,2008,4
MGL,2012,5
MGL,2016,2
MKD,2000,1
MNE,2012,14
MON,1924,1
MOZ,1996,1
MOZ,2000,1
MRI,2008,1
NAM,1992,2
NAM,1996,2
NED,1900,27
NED,1906,6
NED,1908,16
NED,1912,26
NED,1920,50
NED,1924,27
NED,1928,57
NED,1932,13
NED,1936,37
NED,1948,42
NED,1952,21
NED,1960,5
NED,1964,33
NED,1968,23
NED,1972,15
NED,1976,20
NED,1980,10
NED,1984,41
NED,1988,52
NED,1992,37
NED,1994,4
NED,1996,73
NED,1998,11
NED,2000,79
NED,2002,8
NED,2004,77
NED,2006,13
NED,2008,61
NED,2010,11
NED,2012,69
NED,2014,29
NED,2016,47
NEP,1924,1
NGR,1964,1
NGR,1972,1
NGR,1984,5
NGR,1992,11
NGR,1996,24
NGR,2000,8
NGR,2004,8
NGR,2008,23
NGR,2016,18
NIG,1972,1
NIG,2016,1
NOR,1900,9
NOR,1904,2
NOR,1906,25
NOR,1908,42
NOR,1912,80
NOR,1920,137
NOR,1924,39
NOR,1928,24
NOR,1932,10
NOR,1936,46
NOR,1948,31
NOR,1952,32
NOR,1956,7
NOR,1960,11
NOR,1964,15
NOR,1968,28
NOR,1972,25
NOR,1976,16
NOR,1980,15
NOR,1984,19
NOR,1988,33
NOR,1992,47
NOR,1994,30
NOR,1996,23
NOR,1998,40
NOR,2000,43
NOR,2002,41
NOR,2004,7
NOR,2006,23
NOR,2008,22
NOR,2010,39
NOR,2012,17
NOR,2014,36
NOR,2016,19
NZL,1900,1
NZL,1920,1
NZL,1924,1
NZL,1928,1
NZL,1932,2
NZL,1936,1
NZL,1952,3
NZL,1956,3
NZL,1960,3
NZL,1964,6
NZL,1968,7
NZL,1972,14
NZL,1976,25
NZL,1984,23
NZL,1988,24
NZL,1992,16
NZL,1996,9
NZL,2000,4
NZL,2004,6
NZL,2008,15
NZL,2012,27
NZL,2016,36
PAK,1956,14
PAK,1960,14
PAK,1964,16
PAK,1968,13
PAK,1972,15
PAK,1976,16
PAK,1984,16
PAK,1988,1
PAK,1992,16
PAN,1948,2
PAN,2008,1
PAR,2004,17
PER,1948,1
PER,1984,1
PER,1988,12
PER,1992,1
PHI,1928,1
PHI,1932,3
PHI,1936,1
PHI,1964,1
PHI,1988,1
PHI,1992,1
PHI,1996,1
PHI,2016,1
POL,1924,5
POL,1928,20
POL,1932,21
POL,1936,12
POL,1948,2
POL,1952,4
POL,1956,20
POL,1960,32
POL,1964,46
POL,1968,37
POL,1972,47
POL,1976,73
POL,1980,50
POL,1988,21
POL,1992,46
POL,1996,22
POL,2000,24
POL,2002,2
POL,2004,12
POL,2006,2
POL,2008,20
POL,2010,8
POL,2012,12
POL,2014,11
POL,2016,16
POR,1924,4
POR,1928,6
POR,1936,3
POR,1948,5
POR,1952,2
POR,1960,2
POR,1976,2
POR,1984,3
POR,1988,1
POR,1996,3
POR,2000,2
POR,2004,3
POR,2008,2
POR,2012,2
POR,2016,1
PRK,1964,1
PRK,1972,15
PRK,1976,2
PRK,1980,5
PRK,1992,11
PRK,1996,5
PRK,2000,4
PRK,2004,5
PRK,2008,6
PRK,2012,6
PRK,2016,7
PUR,1948,1
PUR,1976,1
PUR,1984,2
PUR,1992,1
PUR,1996,1
PUR,2012,2
PUR,2016,1
QAT,1992,1
QAT,2000,1
QAT,2012,2
QAT,2016,1
ROU,1924,16
ROU,1936,1
ROU,1952,4
ROU,1956,19
ROU,1960,15
ROU,1964,16
ROU,1968,25
ROU,1972,40
ROU,1976,55
ROU,1980,68
ROU,1984,106
ROU,1988,58
ROU,1992,53
ROU,1996,38
ROU,2000,46
ROU,2004,39
ROU,2008,22
ROU,2012,16
ROU,2016,16
RSA,1908,2
RSA,1912,7
RSA,1920,21
RSA,1924,3
RSA,1928,6
RSA,1932,5
RSA,1936,1
RSA,1948,6
RSA,1952,14
RSA,1956,7
RSA,1960,3
RSA,1992,3
RSA,1996,5
RSA,2000,5
RSA,2004,10
RSA,2008,1
RSA,2012,9
RSA,2016,23
RUS,1908,3
RUS,1912,14
RUS,1994,36
RUS,1996,115
RUS,1998,52
RUS,2000,187
RUS,2002,38
RUS,2004,189
RUS,2006,41
RUS,2008,142
RUS,2010,25
RUS,2012,140
RUS,2014,68
RUS,2016,115
SCG,1996,26
SCG,2000,25
SCG,2004,13
SEN,1988,1
SGP,1960,1
SGP,2008,3
SGP,2012,4
SGP,2016,1
SLO,1992,6
SLO,1994,3
SLO,1996,2
SLO,2000,3
SLO,2002,4
SLO,2004,5
SLO,2008,5
SLO,2010,3
SLO,2012,5
SLO,2014,8
SLO,2016,4
SRB,2008,15
SRB,2012,16
SRB,2016,54
SRI,1948,1
SRI,2000,1
SUD,2008,1
SUI,1896,3
SUI,1900,21
SUI,1904,3
SUI,1906,12
SUI,1912,2
SUI,1920,29
SUI,1924,69
SUI,1928,42
SUI,1932,3
SUI,1936,62
SUI,1948,64
SUI,1952,39
SUI,1956,13
SUI,1960,14
SUI,1964,6
SUI,1968,22
SUI,1972,25
SUI,1976,19
SUI,1980,11
SUI,1984,21
SUI,1988,28
SUI,1992,8
SUI,1994,16
SUI,1996,11
SUI,1998,14
SUI,2000,14
SUI,2002,24
SUI,2004,7
SUI,2006,21
SUI,2008,11
SUI,2010,12
SUI,2012,4
SUI,2014,30
SUI,2016,11
SUR,1988,1
SUR,1992,1
SVK,1996,3
SVK,2000,6
SVK,2004,10
SVK,2006,1
SVK,2008,10
SVK,2010,3
SVK,2012,5
SVK,2014,1
SVK,2016,8
SWE,1900,4
SWE,1906,21
SWE,1908,84
SWE,1912,190
SWE,1920,154
SWE,1924,81
SWE,1928,53
SWE,1932,35
SWE,1936,45
SWE,1948,88
SWE,1952,93
SWE,1956,49
SWE,1960,16
SWE,1964,43
SWE,1968,25
SWE,1972,26
SWE,1976,12
SWE,1980,43
SWE,1984,64
SWE,1988,46
SWE,1992,42
SWE,1994,24
SWE,1996,31
SWE,1998,7
SWE,2000,32
SWE,2002,26
SWE,2004,12
SWE,2006,64
SWE,2008,7
SWE,2010,18
SWE,2012,22
SWE,2014,51
SWE,2016,28
SYR,1984,1
SYR,1996,1
SYR,2004,1
TAN,1980,2
TCH,1920,10
TCH,1924,10
TCH,1928,17
TCH,1932,6
TCH,1936,18
TCH,1948,37
TCH,1952,25
TCH,1956,7
TCH,1960,23
TCH,1964,71
TCH,1968,50
TCH,1972,49
TCH,1976,34
TCH,1980,52
TCH,1984,28
TCH,1988,16
TCH,1992,35
TGA,1996,1
THA,1976,1
THA,1984,1
THA,1988,1
THA,1992,1
THA,1996,2
THA,2000,3
THA,2004,8
THA,2008,4
THA,2012,3
THA,2016,6
TJK,2008,2
TJK,2012,1
TJK,2016,1
TOG,2008,1
TPE,1960,1
TPE,1968,1
TPE,1984,1
TPE,1992,20
TPE,1996,1
TPE,2000,5
TPE,2004,9
TPE,2008,4
TPE,2012,2
TPE,2016,5
TTO,1948,1
TTO,1952,2
TTO,1964,6
TTO,1976,1
TTO,1996,2
TTO,2000,2
TTO,2004,1
TTO,2008,6
TTO,2012,10
TTO,2016,1
TUN,1964,2
TUN,1968,2
TUN,1972,1
TUN,1996,1
TUN,2008,1
TUN,2012,3
TUN,2016,3
TUR,1936,2
TUR,1948,12
TUR,1952,3
TUR,1956,7
TUR,1960,9
TUR,1964,6
TUR,1968,2
TUR,1972,1
TUR,1984,3
TUR,1988,2
TUR,1992,6
TUR,1996,6
TUR,2000,5
TUR,2004,11
TUR,2008,7
TUR,2012,5
TUR,2016,8
UAE,2004,1
UAE,2016,1
UAR,1960,2
UGA,1968,2
UGA,1972,2
UGA,1980,1
UGA,1996,1
UGA,2012,1
UKR,1994,2
UKR,1996,34
UKR,1998,1
UKR,2000,35
UKR,2004,47
UKR,2006,3
UKR,2008,31
UKR,2012,26
UKR,2014,5
UKR,2016,15
URS,1952,117
URS,1956,206
URS,1960,211
URS,1964,221
URS,1968,229
URS,1972,259
URS,1976,342
URS,1980,496
URS,1984,56
URS,1988,366
URU,1924,14
URU,1928,17
URU,1932,1
URU,1948,3
URU,1952,14
URU,1956,12
URU,1964,1
URU,2000,1
USA,1896,20
USA,1900,63
USA,1904,394
USA,1906,24
USA,1908,65
USA,1912,107
USA,1920,194
USA,1924,194
USA,1928,102
USA,1932,223
USA,1936,112
USA,1948,168
USA,1952,164
USA,1956,149
USA,1960,152
USA,1964,177
USA,1968,173
USA,1972,195
USA,1976,175
USA,1980,30
USA,1984,361
USA,1988,214
USA,1992,238
USA,1994,19
USA,1996,259
USA,1998,34
USA,2000,242
USA,2002,84
USA,2004,263
USA,2006,52
USA,2008,317
USA,2010,97
USA,2012,248
USA,2014,64
USA,2016,264
UZB,1994,1
UZB,1996,2
UZB,2000,4
UZB,2004,5
UZB,2008,6
UZB,2012,3
UZB,2016,13
VEN,1952,1
VEN,1960,1
VEN,1968,1
VEN,1976,1
VEN,1980,1
VEN,1984,3
VEN,2004,2
VEN,2008,1
VEN,2012,1
VEN,2016,3
VIE,2000,1
VIE,2008,1
VIE,2016,2
WIF,1960,5
YUG,1924,2
YUG,1928,12
YUG,1936,1
YUG,1948,16
YUG,1952,24
YUG,1956,23
YUG,1960,17
YUG,1964,15
YUG,1968,29
YUG,1972,18
YUG,1976,19
YUG,1980,57
YUG,1984,88
YUG,1988,69
ZAM,1984,1
ZAM,1996,1
ZIM,1980,15
ZIM,2004,3
ZIM,2008,4
